relation	symmetry	percent_of_triples
P530	97.08360337005833	16.889691596201736
P26	98.46153846153847	0.17787264318747778
P3373	100.0	0.2681772158826588
P451	78.26086956521739	0.12587910133267657
