relation	symmetry	percent_of_triples
P530	97.06024096385542	3.0188404742852986
P26	96.99769053117782	0.41997041778812344
P3373	98.08917197452229	0.38068912005043526
P451	83.96946564885496	0.19058703717174658
