relation	symmetry	percent_of_triples
P530	96.8019093078759	1.026228003859989
P26	89.23357664233576	0.35791436506938673
P3373	76.53379549393414	0.47106886096039263
P451	79.70149253731343	0.10939900757139101
P47	90.3584672435105	1.3209521958993333
